{
    "features": [
        "FastRipples_21",
        "Spikes_21",
        "NREM_21",
        "REM_21",
        "Wake_21",
        "Sleep_Fragmentation_21",
        "FR_Delta_Coupling_21",
        "FastRipples_28",
        "Spikes_28",
        "NREM_28",
        "REM_28",
        "Wake_28",
        "Sleep_Fragmentation_28",
        "FR_Delta_Coupling_28",
        "SD",
        "TMS"
    ],
    "biomarker_features": [
        "FastRipples_21",
        "Spikes_21",
        "NREM_21",
        "REM_21",
        "Wake_21",
        "Sleep_Fragmentation_21",
        "FR_Delta_Coupling_21",
        "FastRipples_28",
        "Spikes_28",
        "NREM_28",
        "REM_28",
        "Wake_28",
        "Sleep_Fragmentation_28",
        "FR_Delta_Coupling_28",
        "SD"
    ],
    "feature_medians": {
        "FastRipples_21": 8.0,
        "Spikes_21": 122.0,
        "NREM_21": 66.270961081705,
        "REM_21": 1.9546402503957414,
        "Wake_21": 31.96174084315713,
        "Sleep_Fragmentation_21": 46.97842627369319,
        "FR_Delta_Coupling_21": 4.979044501715439,
        "FastRipples_28": 8.0,
        "Spikes_28": 117.0,
        "NREM_28": 65.94641587500034,
        "REM_28": 2.0430864176029173,
        "Wake_28": 31.793201562751932,
        "Sleep_Fragmentation_28": 46.61295606656199,
        "FR_Delta_Coupling_28": 5.0768936663352,
        "SD": 0.5
    },
    "metrics": {
        "elastic_net": {
            "accuracy": {
                "mean": 0.8973166666666667,
                "lower": 0.8166666666666667,
                "upper": 0.9666666666666667
            },
            "auc": {
                "mean": 0.9834808977980207,
                "lower": 0.95327093703067,
                "upper": 0.9999999999999999
            },
            "f1": {
                "mean": 0.8956546386927488,
                "lower": 0.8070033955857385,
                "upper": 0.9666666666666667
            }
        }
    },
    "best_model_name": "Elastic Net",
    "intercept": 0.19337910209128012,
    "coefficients": {
        "FastRipples_21": 0.0,
        "Spikes_21": 1.5053046423586371,
        "NREM_21": 0.0,
        "REM_21": 0.0,
        "Wake_21": 0.0,
        "Sleep_Fragmentation_21": 0.0,
        "FR_Delta_Coupling_21": 0.0,
        "FastRipples_28": 0.0,
        "Spikes_28": 1.254611198623971,
        "NREM_28": 0.13708711396647089,
        "REM_28": -0.007019213099632274,
        "Wake_28": -0.13949743912645243,
        "Sleep_Fragmentation_28": -0.08229027851060021,
        "FR_Delta_Coupling_28": 0.030474012392197103,
        "SD": 0.0,
        "TMS": -0.7327974660848205
    },
    "scaler_mean": {
        "FastRipples_21": 8.65,
        "Spikes_21": 126.95,
        "NREM_21": 66.68366002567123,
        "REM_21": 1.9668849645888165,
        "Wake_21": 31.34945500973995,
        "Sleep_Fragmentation_21": 46.666793818205434,
        "FR_Delta_Coupling_21": 5.987419549176683,
        "FastRipples_28": 8.45,
        "Spikes_28": 128.03333333333333,
        "NREM_28": 66.76032349706594,
        "REM_28": 1.9614742192333097,
        "Wake_28": 31.27820228370076,
        "Sleep_Fragmentation_28": 46.62082276917364,
        "FR_Delta_Coupling_28": 5.85797935138532,
        "SD": 0.5,
        "TMS": 0.3333333333333333
    },
    "scaler_scale": {
        "FastRipples_21": 4.21436037060588,
        "Spikes_21": 72.75539498896285,
        "NREM_21": 6.672336578664084,
        "REM_21": 1.1220963841837441,
        "Wake_21": 5.634501115438044,
        "Sleep_Fragmentation_21": 12.24374871148369,
        "FR_Delta_Coupling_21": 3.351637308576294,
        "FastRipples_28": 4.153010955921017,
        "Spikes_28": 74.59400482314618,
        "NREM_28": 6.931523241157475,
        "REM_28": 1.1646625654820315,
        "Wake_28": 5.892023040290436,
        "Sleep_Fragmentation_28": 12.957187571505093,
        "FR_Delta_Coupling_28": 3.3014333007843346,
        "SD": 0.5,
        "TMS": 0.47140452079103173
    },
    "outcome_stats": {
        "SeizureThreshold_60": {
            "0": 3.9815107247203363,
            "1": 3.965857912514545
        },
        "SeizureLatency_60": {
            "0": 100.69600781643122,
            "1": 99.96956715384889
        },
        "SeizureSeverity_60": {
            "0": 1.8501045735558534,
            "1": 2.0073808618907605
        }
    },
    "cohort_size": 60
}